"Ext","Name","SizeMB","Modified","Path"
".dll","libcef.dll","161,77","2026-07-03","Support Files\Contents\Windows\CEPHtmlEngine\libcef.dll"
".aip","GenerateUI.aip","68,63","2026-07-03","Plug-ins\Illustrator UI\GenerateUI.aip"
".exe","Illustrator.exe","61,28","2026-07-04","Support Files\Contents\Windows\Illustrator.exe"
".dll","dynamic-torqnative.dll","61","2026-07-04","Support Files\Contents\Windows\dynamic-torqnative.dll"
".dll","AdobePIE.dll","59,6","2026-07-03","Support Files\Contents\Windows\AdobePIE.dll"
".dll","icudt77.dll","35,47","2026-07-03","Support Files\Contents\Windows\icudt77.dll"
".dll","adobe_c2pa.dll","31,31","2026-07-03","Support Files\Contents\Windows\adobe_c2pa.dll"
".dll","libdynamic-napi.dll","30,8","2026-07-03","Support Files\Contents\Windows\libdynamic-napi.dll"
".dll","dvaui.dll","30,09","2026-07-03","Support Files\Contents\Windows\dvaui.dll"
".dll","AIACPL.dll","27,69","2026-07-03","Support Files\Contents\Windows\AIACPL.dll"
".dll","AILib.dll","24,92","2026-07-03","Support Files\Contents\Windows\AILib.dll"
".aip","ImageSegmentation.aip","22,1","2026-07-03","Plug-ins\Extensions\ImageSegmentation.aip"
".dll","acdb25.dll","18,11","2026-07-03","Support Files\Contents\Windows\acdb25.dll"
".dll","adobeusd_sdf.dll","17,26","2026-07-03","Support Files\Contents\Windows\adobeusd_sdf.dll"
".dll","dxcompiler.dll","16,31","2026-07-03","Support Files\Contents\Windows\dxcompiler.dll"
".dll","mmsdk.dll","15,76","2026-07-03","Support Files\Contents\Windows\mmsdk.dll"
".dll","node.dll","15,13","2026-07-03","Support Files\Contents\Windows\CEPHtmlEngine\node.dll"
".aip","Vectorize.aip","14,89","2026-07-03","Plug-ins\Extensions\Vectorize.aip"
".aip","ReType.aip","14,22","2026-07-03","Plug-ins\Extensions\ReType.aip"
".aip","Geometry3D.aip","13,75","2026-07-03","Plug-ins\Illustrator Filters\Geometry3D.aip"
".dll","ASMKERN230A.dll","13,7","2026-07-03","Support Files\Contents\Windows\ASMKERN230A.dll"
".dll","adobeusd_usd.dll","13,17","2026-07-03","Support Files\Contents\Windows\adobeusd_usd.dll"
".dll","AGM.dll","13,04","2026-07-03","Support Files\Contents\Windows\AGM.dll"
".dll","tsplines12.dll","12,36","2026-07-03","Support Files\Contents\Windows\tsplines12.dll"
".dll","DirectML.dll","11,61","2026-07-03","Support Files\Contents\Windows\DirectML.dll"
".8bf","Standard MultiPlugin.8BF","11,54","2026-07-03","Plug-ins\Photoshop Filters\Standard MultiPlugin.8BF"
".dll","AdobePDFL.dll","11,04","2026-07-03","Support Files\Contents\Windows\AdobePDFL.dll"
".dll","CloudAILib.dll","10,81","2026-07-03","Support Files\Contents\Windows\CloudAILib.dll"
".8bf","Filter Gallery.8bf","10,56","2026-07-03","Plug-ins\Photoshop Filters\Filter Gallery.8bf"
".dll","onnxruntime.dll","9,64","2026-07-03","Support Files\Contents\Windows\onnxruntime.dll"
".dll","AIDE.dll","9,44","2026-07-03","Support Files\Contents\Windows\AIDE.dll"
".aip","CropUI.aip","9,09","2026-07-03","Plug-ins\Illustrator UI\CropUI.aip"
".dll","AdImaging.dll","8,75","2026-07-03","Support Files\Contents\Windows\AdImaging.dll"
".aip","SketchingTools.aip","8,71","2026-07-03","Plug-ins\Tools\SketchingTools.aip"
".dll","dcu2d75.dll","8,65","2026-07-03","Support Files\Contents\Windows\dcu2d75.dll"
".dll","embree.dll","8,09","2026-07-03","Support Files\Contents\Windows\embree.dll"
".aip","CurveFittingSuite.aip","7,86","2026-07-03","Support Files\Required\Plug-ins\CurveFittingSuite.aip"
".dll","exo.dll","6,88","2026-07-03","Support Files\Contents\Windows\exo.dll"
".dll","dvaai.dll","6,56","2026-07-03","Support Files\Contents\Windows\dvaai.dll"
".aip","IllustratorUI.aip","6,33","2026-07-03","Plug-ins\Illustrator UI\IllustratorUI.aip"
".aip","SwatchLibs.aip","6,25","2026-07-03","Plug-ins\Extensions\SwatchLibs.aip"
".dll","acdbmgd.dll","6,22","2026-07-03","Support Files\Contents\Windows\acdbmgd.dll"
".dll","AdobeGrowthSDK.dll","6,16","2026-07-03","Support Files\Contents\Windows\AdobeGrowthSDK.dll"
".8bf","Standard MultiPlugin Extension.8BF","5,93","2026-07-03","Plug-ins\Photoshop Filters\Standard MultiPlugin Extension.8BF"
".dll","libGLESv2.dll","5,75","2026-07-03","Support Files\Contents\Windows\CEPHtmlEngine\libGLESv2.dll"
".aip","TextModel.aip","5,44","2026-07-03","Plug-ins\Text Filters\TextModel.aip"
".dll","dvacore.dll","5,4","2026-07-03","Support Files\Contents\Windows\dvacore.dll"
".aip","ScriptingSupport.aip","5,11","2026-07-03","Plug-ins\Extensions\ScriptingSupport.aip"
".dll","SVGRE.dll","5,1","2026-07-03","Support Files\Contents\Windows\SVGRE.dll"
".dll","ASMBLND230A.dll","5,02","2026-07-03","Support Files\Contents\Windows\ASMBLND230A.dll"
".dll","libcrypto-3-x64.dll","4,97","2026-07-03","Support Files\Contents\Windows\libcrypto-3-x64.dll"
".dll","MPS.dll","4,94","2026-07-03","Support Files\Contents\Windows\MPS.dll"
".dll","ASMAHL230A.dll","4,9","2026-07-03","Support Files\Contents\Windows\ASMAHL230A.dll"
".aip","Save4Web.aip","4,85","2026-07-03","Plug-ins\Illustrator Formats\Save4Web.aip"
".exe","CEPHtmlEngine.exe","4,64","2026-07-03","Support Files\Contents\Windows\CEPHtmlEngine\CEPHtmlEngine.exe"
".dll","PlugPlugOwl.dll","4,57","2026-07-03","Support Files\Contents\Windows\PlugPlugOwl.dll"
".dll","dvaadameve.dll","4,38","2026-07-03","Support Files\Contents\Windows\dvaadameve.dll"
".dll","CoolType.dll","4,3","2026-07-03","Support Files\Contents\Windows\CoolType.dll"
".dll","ASMINTR230A.dll","4,27","2026-07-03","Support Files\Contents\Windows\ASMINTR230A.dll"
".aip","ColorHarmony.aip","4,05","2026-07-03","Plug-ins\Extensions\ColorHarmony.aip"
".dll","dvauxphost.dll","3,62","2026-07-03","Support Files\Contents\Windows\dvauxphost.dll"
".dll","typequest_bravo.dll","3,52","2026-07-03","Support Files\Contents\Windows\typequest_bravo.dll"
".dll","vk_swiftshader.dll","3,51","2026-07-03","Support Files\Contents\Windows\CEPHtmlEngine\vk_swiftshader.dll"
".dll","adobeusd_pcp.dll","3,47","2026-07-03","Support Files\Contents\Windows\adobeusd_pcp.dll"
".dll","AdobeOwl.dll","3,46","2026-07-03","Support Files\Contents\Windows\AdobeOwl.dll"
".dll","dvaappsupport.dll","3,44","2026-07-03","Support Files\Contents\Windows\dvaappsupport.dll"
".dll","ASMLOP230A.dll","3,36","2026-07-03","Support Files\Contents\Windows\ASMLOP230A.dll"
".aip","MCPToolkit.aip","3,27","2026-07-03","Plug-ins\Extensions\MCPToolkit.aip"
".dll","ASMUFLD230A.dll","3,1","2026-07-03","Support Files\Contents\Windows\ASMUFLD230A.dll"
".dll","icuin77.dll","3,03","2026-07-03","Support Files\Contents\Windows\icuin77.dll"
".aip","PaintStyle.aip","3,01","2026-07-03","Plug-ins\Extensions\PaintStyle.aip"
".aip","VectorEdge.aip","2,96","2026-07-03","Plug-ins\Illustrator Filters\VectorEdge.aip"
".dll","ASMSASM230A.dll","2,93","2026-07-03","Support Files\Contents\Windows\ASMSASM230A.dll"
".dll","imgproc.dll","2,92","2026-07-03","Support Files\Contents\Windows\imgproc.dll"
".dll","wrservices.dll","2,89","2026-07-03","Support Files\Contents\Windows\wrservices.dll"
".aip","AIAgenticSystem.aip","2,89","2026-07-03","Plug-ins\Extensions\AIAgenticSystem.aip"
".dll","dvaworkspace.dll","2,88","2026-07-03","Support Files\Contents\Windows\dvaworkspace.dll"
".dll","dunamis-ingest.dll","2,86","2026-07-03","Support Files\Contents\Windows\dunamis-ingest.dll"
".dll","AIUXPExtensionHostAPI.dll","2,85","2026-07-03","Support Files\Contents\Windows\AIUXPExtensionHostAPI.dll"
".dll","dvascripting.dll","2,85","2026-07-03","Support Files\Contents\Windows\dvascripting.dll"
".aip","3D.aip","2,77","2026-07-03","Plug-ins\Extensions\3D.aip"
".dll","core.dll","2,77","2026-07-03","Support Files\Contents\Windows\core.dll"
".dll","acpal.dll","2,74","2026-07-03","Support Files\Contents\Windows\acpal.dll"
".dll","dvastorage.dll","2,64","2026-07-03","Support Files\Contents\Windows\dvastorage.dll"
".dll","AITextViewModel.dll","2,64","2026-07-03","Support Files\Contents\Windows\AITextViewModel.dll"
".dll","adobeusd_usdGeom.dll","2,61","2026-07-03","Support Files\Contents\Windows\adobeusd_usdGeom.dll"
".dll","scintilla.dll","2,56","2026-07-03","Support Files\Contents\Windows\scintilla.dll"
".dll","ASMBOOL230A.dll","2,53","2026-07-03","Support Files\Contents\Windows\ASMBOOL230A.dll"
".aip","LinkPalette.aip","2,52","2026-07-03","Plug-ins\Extensions\LinkPalette.aip"
".dll","ASMSKIN230A.dll","2,51","2026-07-03","Support Files\Contents\Windows\ASMSKIN230A.dll"
".dll","ASMSWP230A.dll","2,42","2026-07-03","Support Files\Contents\Windows\ASMSWP230A.dll"
".dll","adp_core-6_1.dll","2,39","2026-07-03","Support Files\Contents\Windows\adp_core-6_1.dll"
".aip","3DLib.aip","2,36","2026-07-03","Support Files\Required\AIRobin_Plug-ins\3DLib.aip"
".dll","libGLESv2.dll","2,35","2026-07-03","Support Files\Contents\Windows\CEPHtmlEngine\swiftshader\libGLESv2.dll"
".dll","dvauxpui.dll","2,35","2026-07-03","Support Files\Contents\Windows\dvauxpui.dll"
".aip","FireflyService.aip","2,28","2026-07-03","Plug-ins\Extensions\FireflyService.aip"
".dll","adobeusd_vt.dll","2,17","2026-07-03","Support Files\Contents\Windows\adobeusd_vt.dll"
".dll","VulcanControl.dll","2,07","2026-07-03","Support Files\Contents\Windows\VulcanControl.dll"
".dll","adobeusd_tf.dll","2,03","2026-07-03","Support Files\Contents\Windows\adobeusd_tf.dll"
".dll","icuuc77.dll","2,01","2026-07-03","Support Files\Contents\Windows\icuuc77.dll"
".dll","CRClient.dll","1,99","2026-07-03","Support Files\Contents\Windows\CRClient.dll"
".dll","substance_sse2_blend.dll","1,96","2026-07-03","Support Files\Contents\Windows\substance_sse2_blend.dll"
".aip","PlanetX.aip","1,96","2026-07-03","Plug-ins\Extensions\PlanetX.aip"
".aip","OnDemandModule.aip","1,93","2026-07-03","Plug-ins\Extensions\OnDemandModule.aip"
".aip","GenerativeTraceUI.aip","1,88","2026-07-03","Plug-ins\Extensions\GenerativeTraceUI.aip"
".dll","ASMIMPORT230A.dll","1,87","2026-07-03","Support Files\Contents\Windows\ASMIMPORT230A.dll"
".aip","UserInterface.aip","1,77","2026-07-03","Support Files\Required\Plug-ins\UserInterface.aip"
".aip","DeepLearning.aip","1,72","2026-07-03","Plug-ins\Extensions\DeepLearning.aip"
".aip","svgFileFormat.aip","1,71","2026-07-03","Plug-ins\Illustrator Formats\svgFileFormat.aip"
".dll","ASMSBAP230A.dll","1,7","2026-07-03","Support Files\Contents\Windows\ASMSBAP230A.dll"
".aip","TurntableUI.aip","1,68","2026-07-03","Plug-ins\Extensions\TurntableUI.aip"
".dll","git2.dll","1,67","2026-07-03","Support Files\Contents\Windows\git2.dll"
".exe","CRWindowsClientService.exe","1,66","2026-07-03","Support Files\Contents\Windows\CRWindowsClientService.exe"
".dll","ASMCSTR230A.dll","1,61","2026-07-03","Support Files\Contents\Windows\ASMCSTR230A.dll"
".dll","AIRes.dll","1,61","2026-07-03","Support Files\Contents\Windows\System\AIRes.dll"
".aip","Geometry3DUI.aip","1,6","2026-07-03","Plug-ins\Illustrator UI\Geometry3DUI.aip"
".exe","AISafeModeLauncher.exe","1,59","2026-07-03","Support Files\Contents\Windows\AISafeModeLauncher.exe"
".aip","CharParaStyles.aip","1,56","2026-07-03","Plug-ins\Extensions\CharParaStyles.aip"
".dll","ASMNPCH230A.dll","1,55","2026-07-03","Support Files\Contents\Windows\ASMNPCH230A.dll"
".dll","ae_dvascriptui.dll","1,53","2026-07-03","Support Files\Contents\Windows\ae_dvascriptui.dll"
".dll","ASMHEAL230A.dll","1,52","2026-07-03","Support Files\Contents\Windows\ASMHEAL230A.dll"
".dll","SVGExport.dll","1,47","2026-07-03","Support Files\Contents\Windows\SVGExport.dll"
".dll","acge25.dll","1,46","2026-07-03","Support Files\Contents\Windows\acge25.dll"
".dll","ASMBASE230A.dll","1,46","2026-07-03","Support Files\Contents\Windows\ASMBASE230A.dll"
".dll","Microsoft.AI.MachineLearning.dll","1,46","2026-07-03","Support Files\Contents\Windows\Microsoft.AI.MachineLearning.dll"
".dll","icucnv77.dll","1,44","2026-07-03","Support Files\Contents\Windows\icucnv77.dll"
".aip","ShapeCoreUI.aip","1,43","2026-07-03","Plug-ins\Illustrator UI\ShapeCoreUI.aip"
".dll","AdSpatialReference.dll","1,41","2026-07-03","Support Files\Contents\Windows\AdSpatialReference.dll"
".dll","dvametadataUI.dll","1,4","2026-07-03","Support Files\Contents\Windows\dvametadataUI.dll"
".dll","dvanet.dll","1,39","2026-07-03","Support Files\Contents\Windows\dvanet.dll"
".dll","drawbotagm.dll","1,38","2026-07-03","Support Files\Contents\Windows\drawbotagm.dll"
".aip","VectorEdgeUI.aip","1,38","2026-07-03","Plug-ins\Illustrator UI\VectorEdgeUI.aip"
".dll","AdobeXMPFiles.dll","1,35","2026-07-03","Support Files\Contents\Windows\AdobeXMPFiles.dll"
".dll","ASMFCT230A.dll","1,34","2026-07-03","Support Files\Contents\Windows\ASMFCT230A.dll"
".dll","ASMRBI230A.dll","1,33","2026-07-03","Support Files\Contents\Windows\ASMRBI230A.dll"
".dll","ACE.dll","1,33","2026-07-03","Support Files\Contents\Windows\ACE.dll"
".dll","dxil.dll","1,31","2026-07-03","Support Files\Contents\Windows\dxil.dll"
".exe","AIMonitor.exe","1,3","2026-07-03","Support Files\Contents\Windows\AIMonitor.exe"
".aip","ActionPalette.aip","1,27","2026-07-03","Plug-ins\Extensions\ActionPalette.aip"
".dll","AdobeXMP.dll","1,26","2026-07-03","Support Files\Contents\Windows\AdobeXMP.dll"
".aip","MaskingAiCore.aip","1,22","2026-07-03","Plug-ins\Extensions\MaskingAiCore.aip"
".dll","ASMTOPT230A.dll","1,21","2026-07-03","Support Files\Contents\Windows\ASMTOPT230A.dll"
".aip","SmartExportUI.aip","1,21","2026-07-03","Plug-ins\Illustrator UI\SmartExportUI.aip"
".dll","adobeusd_usdShade.dll","1,17","2026-07-03","Support Files\Contents\Windows\adobeusd_usdShade.dll"
".dll","dvametadata.dll","1,16","2026-07-03","Support Files\Contents\Windows\dvametadata.dll"
".aip","JSONFormat.aip","1,16","2026-07-03","Plug-ins\Illustrator Formats\JSONFormat.aip"
".aip","GenerativeTextUI.aip","1,14","2026-07-03","Plug-ins\Extensions\GenerativeTextUI.aip"
".aip","PDFFormat.aip","1,14","2026-07-03","Support Files\Required\Plug-ins\PDFFormat.aip"
".dll","boost_regex.dll","1,11","2026-07-03","Support Files\Contents\Windows\boost_regex.dll"
".aip","ControlPanel.aip","1,11","2026-07-03","Plug-ins\Extensions\ControlPanel.aip"
".dll","AdobeLinguistic.dll","1,11","2026-07-03","Support Files\Contents\Windows\AdobeLinguistic.dll"
".dll","pdfport.dll","1,06","2026-07-03","Support Files\Contents\Windows\pdfport.dll"
".dll","adobeusd_trace.dll","1,05","2026-07-03","Support Files\Contents\Windows\adobeusd_trace.dll"
".dll","ASMFREC230A.dll","1,05","2026-07-03","Support Files\Contents\Windows\ASMFREC230A.dll"
".dll","modlr25.dll","1,05","2026-07-03","Support Files\Contents\Windows\modlr25.dll"
".aip","RecolorCore.aip","1,04","2026-07-03","Plug-ins\Extensions\RecolorCore.aip"
".dll","imgcodecs.dll","1,04","2026-07-03","Support Files\Contents\Windows\imgcodecs.dll"
".aip","ConstraintsUI.aip","1,03","2026-07-03","Plug-ins\Extensions\ConstraintsUI.aip"
".aip","VectorizeUI.aip","1,03","2026-07-03","Plug-ins\Illustrator UI\VectorizeUI.aip"
".aip","AIToolBoxUI.aip","1,02","2026-07-03","Plug-ins\Illustrator UI\AIToolBoxUI.aip"
".dll","acdb25res.dll","1","2026-07-03","Support Files\Contents\Windows\en-US\acdb25res.dll"
".aip","ArtStyle.aip","0,97","2026-07-03","Plug-ins\Extensions\ArtStyle.aip"
".dll","utest.dll","0,97","2026-07-03","Support Files\Contents\Windows\utest.dll"
".aip","BeautifulStrokes.aip","0,97","2026-07-03","Plug-ins\Extensions\BeautifulStrokes.aip"
".aip","Snapomatic.aip","0,94","2026-07-03","Plug-ins\Extensions\Snapomatic.aip"
".aip","Layers.aip","0,93","2026-07-03","Plug-ins\Extensions\Layers.aip"
".aip","DimensionUI.aip","0,91","2026-07-03","Plug-ins\Extensions\DimensionUI.aip"
".dll","ExtendScript.dll","0,91","2026-07-03","Support Files\Contents\Windows\ExtendScript.dll"
".aip","CropAreaTool.aip","0,91","2026-07-03","Plug-ins\Tools\CropAreaTool.aip"
".aip","AIRobinService.aip","0,91","2026-07-03","Support Files\Required\AIRobin_Plug-ins\AIRobinService.aip"
".aip","PDFSuite.aip","0,89","2026-07-03","Support Files\Required\Plug-ins\PDFSuite.aip"
".aip","VectorSculpting.aip","0,89","2026-07-03","Plug-ins\Extensions\VectorSculpting.aip"
".dll","WRLiloPlugin.dll","0,89","2026-07-03","Support Files\Required\Linguistics\Providers\Plugins2\WRLiloPlugin1.3\WRLiloPlugin.dll"
".dll","substance_linker.dll","0,89","2026-07-03","Support Files\Contents\Windows\substance_linker.dll"
".dll","Sangam.dll","0,87","2026-07-03","Support Files\Contents\Windows\Sangam.dll"
".dll","ScCore.dll","0,85","2026-07-03","Support Files\Contents\Windows\ScCore.dll"
".dll","adobeusd_gf.dll","0,85","2026-07-03","Support Files\Contents\Windows\adobeusd_gf.dll"
".aip","DxfDwgFileFormat.aip","0,85","2026-07-03","Plug-ins\Illustrator Formats\DxfDwgFileFormat.aip"
".aip","GenerateCore.aip","0,83","2026-07-03","Plug-ins\Extensions\GenerateCore.aip"
".dll","uxtech.dll","0,82","2026-07-03","Support Files\Contents\Windows\uxtech.dll"
".dll","ASMDatax230A.dll","0,81","2026-07-03","Support Files\Contents\Windows\ASMDatax230A.dll"
".dll","AXEDOMCore.dll","0,79","2026-07-03","Support Files\Contents\Windows\AXEDOMCore.dll"
".dll","chrome_elf.dll","0,79","2026-07-03","Support Files\Contents\Windows\CEPHtmlEngine\chrome_elf.dll"
".aip","dBrushTool.aip","0,76","2026-07-03","Plug-ins\Tools\dBrushTool.aip"
".dll","ASMLOPT230A.dll","0,75","2026-07-03","Support Files\Contents\Windows\ASMLOPT230A.dll"
".dll","libssl-3-x64.dll","0,75","2026-07-03","Support Files\Contents\Windows\libssl-3-x64.dll"
".dll","AdobeHunspellPlugin.dll","0,75","2026-07-03","Support Files\Required\Linguistics\Providers\Plugins2\AdobeHunspellPlugin\AdobeHunspellPlugin.dll"
".dll","ZXPSignLib-minimal.dll","0,74","2026-07-03","Support Files\Contents\Windows\ZXPSignLib-minimal.dll"
".aip","Print.aip","0,74","2026-07-03","Plug-ins\Extensions\Print.aip"
".dll","ASMLAW230A.dll","0,74","2026-07-03","Support Files\Contents\Windows\ASMLAW230A.dll"
".aip","HistoryPanelUI.aip","0,73","2026-07-03","Plug-ins\Extensions\HistoryPanelUI.aip"
".dll","AXSLE.dll","0,72","2026-07-03","Support Files\Contents\Windows\AXSLE.dll"
".dll","NFTWin_MacEnc.dll","0,72","2026-07-03","Support Files\Required\Linguistics\Providers\Plugins2\WRLiloPlugin1.3\NFTWin_MacEnc.dll"
".dll","dvasystemcompatibilityreport.dll","0,71","2026-07-03","Support Files\Contents\Windows\dvasystemcompatibilityreport.dll"
".aip","PathCoreUI.aip","0,71","2026-07-03","Plug-ins\Extensions\PathCoreUI.aip"
".aip","SymbolPalette.aip","0,71","2026-07-03","Plug-ins\Extensions\SymbolPalette.aip"
".aip","DesignLibrary.aip","0,7","2026-07-03","Plug-ins\Illustrator UI\DesignLibrary.aip"
".aip","BrushManagerUI.aip","0,7","2026-07-03","Plug-ins\Illustrator UI\BrushManagerUI.aip"
".dll","adobeusd_plug.dll","0,7","2026-07-03","Support Files\Contents\Windows\adobeusd_plug.dll"
".aip","PDFFormatUI.aip","0,7","2026-07-03","Plug-ins\Illustrator UI\PDFFormatUI.aip"
".aip","UxpExtension.aip","0,69","2026-07-03","Plug-ins\Extensions\UxpExtension.aip"
".dll","dvaaiuxp.dll","0,68","2026-07-03","Support Files\Contents\Windows\dvaaiuxp.dll"
".aip","Perspective.aip","0,68","2026-07-03","Plug-ins\Extensions\Perspective.aip"
".aip","ImageDecoderEncoder.aip","0,68","2026-07-03","Plug-ins\Illustrator Formats\ImageDecoderEncoder.aip"
".dll","SangamML.dll","0,67","2026-07-03","Support Files\Contents\Windows\SangamML.dll"
".dll","MORPHLibs.dll","0,66","2026-07-03","Support Files\Required\Linguistics\Providers\Plugins2\WRLiloPlugin1.3\MORPHLibs.dll"
".dll","CNSWin_MacEnc.dll","0,65","2026-07-03","Support Files\Required\Linguistics\Providers\Plugins2\WRLiloPlugin1.3\CNSWin_MacEnc.dll"
".dll","boost_program_options.dll","0,65","2026-07-03","Support Files\Contents\Windows\boost_program_options.dll"
".dll","adobeusd_ar.dll","0,64","2026-07-03","Support Files\Contents\Windows\adobeusd_ar.dll"
".aip","PropertiesPanel.aip","0,64","2026-07-03","Plug-ins\Extensions\PropertiesPanel.aip"
".aip","Commenting.aip","0,64","2026-07-03","Plug-ins\Extensions\Commenting.aip"
".dll","ahclient.dll","0,63","2026-07-03","Support Files\Contents\Windows\ahclient.dll"
".exe","IllustratorDiagnosys.exe","0,62","2026-07-03","Support Files\Contents\Windows\IllustratorDiagnosys.exe"
".dll","tbb12.dll","0,62","2026-07-03","Support Files\Contents\Windows\tbb12.dll"
".dll","JP2KLib.dll","0,62","2026-07-03","Support Files\Contents\Windows\JP2KLib.dll"
".dll","aif.dll","0,62","2026-07-03","Support Files\Contents\Windows\aif.dll"
".dll","flann.dll","0,61","2026-07-03","Support Files\Contents\Windows\flann.dll"
".aip","LiveBlends.aip","0,61","2026-07-03","Plug-ins\Extensions\LiveBlends.aip"
".aip","SmartEdit.aip","0,61","2026-07-03","Plug-ins\Extensions\SmartEdit.aip"
".dll","adobeusd_arch.dll","0,6","2026-07-03","Support Files\Contents\Windows\adobeusd_arch.dll"
".aip","Materials.aip","0,6","2026-07-03","Plug-ins\Illustrator Filters\Materials.aip"
".aip","SmartExport.aip","0,59","2026-07-03","Plug-ins\Extensions\SmartExport.aip"
".aip","FWAlignADM.aip","0,58","2026-07-03","Plug-ins\Extensions\FWAlignADM.aip"
".aip","ArtOnPathBrushToolUI.aip","0,58","2026-07-03","Plug-ins\Illustrator UI\ArtOnPathBrushToolUI.aip"
".aip","AppBarControls.aip","0,58","2026-07-03","Plug-ins\Extensions\AppBarControls.aip"
".aip","PathCore.aip","0,57","2026-07-03","Plug-ins\Extensions\PathCore.aip"
".dll","CSWin_MacEnc.dll","0,57","2026-07-03","Support Files\Required\Linguistics\Providers\Plugins2\WRLiloPlugin1.3\CSWin_MacEnc.dll"
".dll","boost_serialization.dll","0,56","2026-07-03","Support Files\Contents\Windows\boost_serialization.dll"
".dll","adobeusd_sdr.dll","0,56","2026-07-03","Support Files\Contents\Windows\adobeusd_sdr.dll"
".dll","adobeusd_ts.dll","0,56","2026-07-03","Support Files\Contents\Windows\adobeusd_ts.dll"
".dll","substance_ogl3_blend.dll","0,55","2026-07-03","Support Files\Contents\Windows\substance_ogl3_blend.dll"
".smrd","Reader for CorelDraw.smrd","0,55","2026-07-03","Plug-ins\Illustrator Formats\Reader for CorelDraw.smrd"
".dll","substance_ogl3_native.dll","0,55","2026-07-03","Support Files\Contents\Windows\substance_ogl3_native.dll"
".aip","PhotoshopAdapter.aip","0,55","2026-07-03","Plug-ins\Photoshop Filters\PhotoshopAdapter.aip"
".aip","EyeBucketTool.aip","0,55","2026-07-03","Plug-ins\Tools\EyeBucketTool.aip"
".aip","RepeatArtsUI.aip","0,55","2026-07-03","Plug-ins\Extensions\RepeatArtsUI.aip"
".dll","ASMREM230A.dll","0,54","2026-07-03","Support Files\Contents\Windows\ASMREM230A.dll"
".dll","vulkan-1.dll","0,54","2026-07-03","Support Files\Contents\Windows\CEPHtmlEngine\vulkan-1.dll"
".aip","ArtboardPanel.aip","0,54","2026-07-03","Plug-ins\Extensions\ArtboardPanel.aip"
".aip","svgFileFormatUI.aip","0,53","2026-07-03","Plug-ins\Illustrator UI\svgFileFormatUI.aip"
".aip","TransformPalett.aip","0,53","2026-07-03","Plug-ins\Extensions\TransformPalett.aip"
".aip","OneExit.aip","0,53","2026-07-03","Plug-ins\Extensions\OneExit.aip"
".dll","substance_d3d11_native.dll","0,52","2026-07-03","Support Files\Contents\Windows\substance_d3d11_native.dll"
".dll","substance_d3d11_blend.dll","0,52","2026-07-03","Support Files\Contents\Windows\substance_d3d11_blend.dll"
".aip","TextFindFont.aip","0,51","2026-07-03","Plug-ins\Text Filters\TextFindFont.aip"
".aip","DocInfo.aip","0,51","2026-07-03","Plug-ins\Extensions\DocInfo.aip"
".dll","VulcanMessage5.dll","0,5","2026-07-03","Support Files\Contents\Windows\VulcanMessage5.dll"
".smrd","Reader for DOCX.smrd","0,49","2026-07-03","Plug-ins\Illustrator Formats\Reader for DOCX.smrd"
".dll","ASMWELD230A.dll","0,49","2026-07-03","Support Files\Contents\Windows\ASMWELD230A.dll"
".aip","DebugPanel.aip","0,48","2026-07-03","Plug-ins\DebugPanel.aip"
".dll","ASMSHL230A.dll","0,48","2026-07-03","Support Files\Contents\Windows\ASMSHL230A.dll"
".aip","EraserTool.aip","0,48","2026-07-03","Plug-ins\Tools\EraserTool.aip"
".aip","DiffusionColoring.aip","0,48","2026-07-03","Plug-ins\Extensions\DiffusionColoring.aip"
".aip","PSImport.aip","0,48","2026-07-03","Plug-ins\Photoshop Formats\PSImport.aip"
".dll","AcPersSubentNaming25.dll","0,47","2026-07-03","Support Files\Contents\Windows\AcPersSubentNaming25.dll"
".aip","OnBoarding.aip","0,47","2026-07-03","Plug-ins\Illustrator UI\OnBoarding.aip"
".aip","BoundingBox.aip","0,46","2026-07-03","Plug-ins\Tools\BoundingBox.aip"
".aip","Deform.aip","0,45","2026-07-03","Plug-ins\Extensions\Deform.aip"
".aip","PlanetXUI.aip","0,44","2026-07-03","Plug-ins\Illustrator UI\PlanetXUI.aip"
".dll","ASMOFST230A.dll","0,44","2026-07-03","Support Files\Contents\Windows\ASMOFST230A.dll"
".dll","adobeusd_ndr.dll","0,44","2026-07-03","Support Files\Contents\Windows\adobeusd_ndr.dll"
".dll","dvawhatsnewui.dll","0,44","2026-07-03","Support Files\Contents\Windows\dvawhatsnewui.dll"
".aip","PerspectiveUI.aip","0,43","2026-07-03","Plug-ins\Illustrator UI\PerspectiveUI.aip"
".exe","AIRobin.exe","0,43","2026-07-03","Support Files\Contents\Windows\AIRobin.exe"
".dll","dvavulcansupport.dll","0,43","2026-07-03","Support Files\Contents\Windows\dvavulcansupport.dll"
".aip","altglyph.aip","0,42","2026-07-03","Plug-ins\Extensions\altglyph.aip"
".smrd","Reader for RTF.smrd","0,41","2026-07-03","Plug-ins\Illustrator Formats\Reader for RTF.smrd"
".aip","VariablesPaletteUI.aip","0,41","2026-07-03","Plug-ins\Illustrator UI\VariablesPaletteUI.aip"
".aip","sangamservice.aip","0,41","2026-07-03","Plug-ins\Illustrator Formats\sangamservice.aip"
".aip","ShapeTool.aip","0,41","2026-07-03","Plug-ins\Tools\ShapeTool.aip"
".aip","AssetMgmt.aip","0,41","2026-07-03","Plug-ins\Extensions\AssetMgmt.aip"
".aip","DynamicCorners.aip","0,4","2026-07-03","Plug-ins\Extensions\DynamicCorners.aip"
".smrd","Reader for Word.smrd","0,4","2026-07-03","Plug-ins\Illustrator Formats\Reader for Word.smrd"
".aip","BulletAndNumbersUI.aip","0,4","2026-07-03","Plug-ins\Illustrator UI\BulletAndNumbersUI.aip"
".aip","VectorSculptingUI.aip","0,4","2026-07-03","Plug-ins\Tools\VectorSculptingUI.aip"
".aip","TIFFFileFormat.aip","0,39","2026-07-03","Plug-ins\Illustrator Formats\TIFFFileFormat.aip"
".dll","aiport.dll","0,39","2026-07-03","Support Files\Contents\Windows\aiport.dll"
".aip","KeyboardShortcuts.aip","0,39","2026-07-03","Plug-ins\Extensions\KeyboardShortcuts.aip"
".aip","TransparencyPalette.aip","0,38","2026-07-03","Plug-ins\Extensions\TransparencyPalette.aip"
".dll","filterport.dll","0,38","2026-07-03","Support Files\Contents\Windows\filterport.dll"
".dll","tbb.dll","0,38","2026-07-03","Support Files\Contents\Windows\tbb.dll"
".aip","PNGFileFormat.aip","0,37","2026-07-03","Plug-ins\Illustrator Formats\PNGFileFormat.aip"
".dll","boost_asio.dll","0,37","2026-07-03","Support Files\Contents\Windows\boost_asio.dll"
".aip","Workspaces.aip","0,36","2026-07-03","Plug-ins\Extensions\Workspaces.aip"
".aip","Simplify.aip","0,36","2026-07-03","Plug-ins\Tools\Simplify.aip"
".aip","PSExport.aip","0,36","2026-07-03","Plug-ins\Photoshop Formats\PSExport.aip"
".dll","wintrust.dll","0,36","2026-05-12","Support Files\Contents\Windows\Illustrator.exe.local\wintrust.dll"
".dll","ARE.dll","0,36","2026-07-03","Support Files\Contents\Windows\ARE.dll"
".aip","CSSExtract.aip","0,36","2026-07-03","Plug-ins\Extensions\CSSExtract.aip"
".dll","LibXPUInfo.dll","0,35","2026-07-03","Support Files\Contents\Windows\LibXPUInfo.dll"
".aip","Mojikumi.aip","0,35","2026-07-03","Plug-ins\Illustrator Formats\Mojikumi.aip"
".dll","ASMRBASE230A.dll","0,35","2026-07-03","Support Files\Contents\Windows\ASMRBASE230A.dll"
".aip","NotificationsUI.aip","0,35","2026-07-03","Plug-ins\Extensions\NotificationsUI.aip"
".aip","Experimentation.aip","0,35","2026-07-03","Plug-ins\Extensions\Experimentation.aip"
".smrd","Reader for CGM.smrd","0,34","2026-07-03","Plug-ins\Illustrator Formats\Reader for CGM.smrd"
".dll","AdobeSVGAGM.dll","0,34","2026-07-03","Support Files\Contents\Windows\AdobeSVGAGM.dll"
".dll","AcSceneRes.dll","0,34","2026-07-03","Support Files\Contents\Windows\en-US\AcSceneRes.dll"
".aip","SmoothShade.aip","0,34","2026-07-03","Plug-ins\Extensions\SmoothShade.aip"
".aip","AIRobinClient.aip","0,33","2026-07-03","Plug-ins\Extensions\AIRobinClient.aip"
".aip","KinsokuDlg.aip","0,33","2026-07-03","Plug-ins\Extensions\KinsokuDlg.aip"
".aip","ShaperUI.aip","0,32","2026-07-03","Plug-ins\Tools\ShaperUI.aip"
".aip","LiveBlendsUI.aip","0,32","2026-07-03","Plug-ins\Illustrator UI\LiveBlendsUI.aip"
".dll","ASMCT230A.dll","0,32","2026-07-03","Support Files\Contents\Windows\ASMCT230A.dll"
".aip","PathfinderUI.aip","0,32","2026-07-03","Plug-ins\Illustrator UI\PathfinderUI.aip"
".aip","Services.aip","0,32","2026-07-03","Plug-ins\Extensions\Services.aip"
".dll","acds.dll","0,31","2026-07-03","Support Files\Contents\Windows\acds.dll"
".aip","slicingAttributes.aip","0,31","2026-07-03","Support Files\Required\Plug-ins\slicingAttributes.aip"
".aip","LiveShapesUI.aip","0,3","2026-07-03","Plug-ins\Illustrator UI\LiveShapesUI.aip"
".aip","CalligraphicBrushToolUI.aip","0,29","2026-07-03","Plug-ins\Illustrator UI\CalligraphicBrushToolUI.aip"
".aip","SmartEditUI.aip","0,29","2026-07-03","Plug-ins\Illustrator UI\SmartEditUI.aip"
".aip","Rasterize.aip","0,29","2026-07-03","Support Files\Required\Plug-ins\Rasterize.aip"
".dll","acgex25.dll","0,29","2026-07-03","Support Files\Contents\Windows\acgex25.dll"
".aip","FlatteningPreview.aip","0,29","2026-07-03","Plug-ins\Extensions\FlatteningPreview.aip"
".aip","CSSExtractUI.aip","0,28","2026-07-03","Plug-ins\Illustrator UI\CSSExtractUI.aip"
".aip","SwatchLibsCore.aip","0,28","2026-07-03","Plug-ins\Extensions\SwatchLibsCore.aip"
".exe","AISniffer.exe","0,28","2026-07-03","Support Files\Contents\Windows\AISniffer.exe"
".aip","Navigator.aip","0,28","2026-07-03","Plug-ins\Extensions\Navigator.aip"
".aip","MPSParser.aip","0,27","2026-07-03","Plug-ins\Illustrator Formats\MPSParser.aip"
".aip","FindReplaceUI.aip","0,27","2026-07-03","Plug-ins\Illustrator UI\FindReplaceUI.aip"
".dll","Plugin.dll","0,27","2026-07-03","Support Files\Contents\Windows\Plugin.dll"
".aip","FlattenTransparencyUI.aip","0,26","2026-07-03","Plug-ins\Illustrator UI\FlattenTransparencyUI.aip"
".dll","adobeusd_js.dll","0,26","2026-07-03","Support Files\Contents\Windows\adobeusd_js.dll"
".aip","Package.aip","0,26","2026-07-03","Plug-ins\Extensions\Package.aip"
".aip","VariablesPalette.aip","0,26","2026-07-03","Plug-ins\Extensions\VariablesPalette.aip"
".aip","SimpleTools.aip","0,26","2026-07-03","Plug-ins\Tools\SimpleTools.aip"
".dll","dvawhatsnew.dll","0,26","2026-07-03","Support Files\Contents\Windows\dvawhatsnew.dll"
".aip","AddArrowUI.aip","0,26","2026-07-03","Plug-ins\Illustrator UI\AddArrowUI.aip"
".aip","ImageDecoderEncoderUI.aip","0,26","2026-07-03","Plug-ins\Illustrator UI\ImageDecoderEncoderUI.aip"
".aip","PathfinderS.aip","0,26","2026-07-03","Support Files\Required\Plug-ins\PathfinderS.aip"
".aip","CalligraphicBrushTool.aip","0,25","2026-07-03","Plug-ins\Tools\CalligraphicBrushTool.aip"
".aip","CCLibAccessor.aip","0,25","2026-07-03","Plug-ins\Extensions\CCLibAccessor.aip"
".aip","SpellCheckUI.aip","0,25","2026-07-03","Plug-ins\Illustrator UI\SpellCheckUI.aip"
".aip","JPEGFormat.aip","0,25","2026-07-03","Plug-ins\Illustrator Formats\JPEGFormat.aip"
".aip","DeformUI.aip","0,25","2026-07-03","Plug-ins\Illustrator UI\DeformUI.aip"
".aip","PreferenceUI.aip","0,25","2026-07-03","Plug-ins\Illustrator UI\PreferenceUI.aip"
".aip","ScatterBrushToolUI.aip","0,24","2026-07-03","Plug-ins\Illustrator UI\ScatterBrushToolUI.aip"
".aip","ParticleSystem.aip","0,24","2026-07-03","Plug-ins\Tools\ParticleSystem.aip"
".aip","dBrushToolUI.aip","0,24","2026-07-03","Plug-ins\Illustrator UI\dBrushToolUI.aip"
".aip","TaskManagerUI.aip","0,23","2026-07-03","Plug-ins\Extensions\TaskManagerUI.aip"
".aip","SelHat.aip","0,23","2026-07-03","Plug-ins\Tools\SelHat.aip"
".dll","ASMSBOOL230A.dll","0,23","2026-07-03","Support Files\Contents\Windows\ASMSBOOL230A.dll"
".aip","Shaper.aip","0,23","2026-07-03","Plug-ins\Extensions\Shaper.aip"
".aip","PartialRearrangeUI.aip","0,23","2026-07-03","Plug-ins\Extensions\PartialRearrangeUI.aip"
".aip","CurvatureTool.aip","0,23","2026-07-03","Plug-ins\Tools\CurvatureTool.aip"
".aip","AnimationPanelUI.aip","0,22","2026-07-03","Plug-ins\Extensions\AnimationPanelUI.aip"
".dll","dvatexteditor.dll","0,22","2026-07-03","Support Files\Contents\Windows\dvatexteditor.dll"
".aip","MultiThreadedRasterization.aip","0,22","2026-07-03","Plug-ins\Extensions\MultiThreadedRasterization.aip"
".dll","libEGL.dll","0,22","2026-07-03","Support Files\Contents\Windows\CEPHtmlEngine\swiftshader\libEGL.dll"
".dll","AdobePDFSettings.dll","0,21","2026-07-03","Support Files\Contents\Windows\AdobePDFSettings.dll"
".dll","libzip.dll","0,21","2026-07-03","Support Files\Contents\Windows\libzip.dll"
".dll","ASMCOVR230A.dll","0,21","2026-07-03","Support Files\Contents\Windows\ASMCOVR230A.dll"
".aip","PSLFilterAdapter.aip","0,21","2026-07-03","Plug-ins\Photoshop Filters\PSLFilterAdapter.aip"
".aip","SelectiveUnlock.aip","0,2","2026-07-03","Plug-ins\Extensions\SelectiveUnlock.aip"
".aip","ContextMenuTouch.aip","0,2","2026-07-03","Plug-ins\Extensions\ContextMenuTouch.aip"
".dll","AXE8SharedExpat.dll","0,2","2026-07-03","Support Files\Contents\Windows\AXE8SharedExpat.dll"
".dll","libEGL.dll","0,2","2026-07-03","Support Files\Contents\Windows\CEPHtmlEngine\libEGL.dll"
".aip","SeparationPreview.aip","0,2","2026-07-03","Plug-ins\Extensions\SeparationPreview.aip"
".aip","ArtOnPathBrushTool.aip","0,2","2026-07-03","Plug-ins\Tools\ArtOnPathBrushTool.aip"
".aip","MPSExport.aip","0,2","2026-07-03","Plug-ins\Illustrator Formats\MPSExport.aip"
".dll","BIB.dll","0,19","2026-07-03","Support Files\Contents\Windows\BIB.dll"
".aip","CurvatureToolUI.aip","0,19","2026-07-03","Plug-ins\Illustrator UI\CurvatureToolUI.aip"
".dll","boost_filesystem.dll","0,19","2026-07-03","Support Files\Contents\Windows\boost_filesystem.dll"
".aip","TouchStatusBarUI.aip","0,19","2026-07-03","Plug-ins\Illustrator UI\TouchStatusBarUI.aip"
".aip","SVGFilterEffect.aip","0,19","2026-07-03","Plug-ins\Extensions\SVGFilterEffect.aip"
".dll","aifm.dll","0,19","2026-07-03","Support Files\Contents\Windows\aifm.dll"
".dll","ASMGA230A.dll","0,19","2026-07-03","Support Files\Contents\Windows\ASMGA230A.dll"
".aip","MagicWand.aip","0,19","2026-07-03","Plug-ins\Tools\MagicWand.aip"
".aip","RasterizeUI.aip","0,19","2026-07-03","Plug-ins\Illustrator UI\RasterizeUI.aip"
".dll","ASMTWK230A.dll","0,19","2026-07-03","Support Files\Contents\Windows\ASMTWK230A.dll"
".dll","act_tracing.dll","0,19","2026-07-03","Support Files\Contents\Windows\act_tracing.dll"
".aip","PathSuite.aip","0,19","2026-07-03","Support Files\Required\Plug-ins\PathSuite.aip"
".aip","PNGExport.aip","0,18","2026-07-03","Plug-ins\Illustrator Formats\PNGExport.aip"
".aip","DropShadowUI.aip","0,18","2026-07-03","Plug-ins\Illustrator UI\DropShadowUI.aip"
".aip","DxfDwgUI.aip","0,18","2026-07-03","Plug-ins\Illustrator UI\DxfDwgUI.aip"
".aip","ScatterBrushTool.aip","0,18","2026-07-03","Plug-ins\Tools\ScatterBrushTool.aip"
".aip","JPEGFormatUI.aip","0,18","2026-07-03","Plug-ins\Illustrator UI\JPEGFormatUI.aip"
".aip","TxtSmart.aip","0,17","2026-07-03","Plug-ins\Text Filters\TxtSmart.aip"
".dll","dvauiwin10.dll","0,17","2026-07-03","Support Files\Contents\Windows\dvauiwin10.dll"
".dll","ASMDEFM230A.dll","0,17","2026-07-03","Support Files\Contents\Windows\ASMDEFM230A.dll"
".aip","Adjust.aip","0,17","2026-07-03","Plug-ins\Illustrator Filters\Adjust.aip"
".aip","SpellCheckDictionary.aip","0,17","2026-07-03","Plug-ins\Text Filters\SpellCheckDictionary.aip"
".aip","ExpandUI.aip","0,17","2026-07-03","Plug-ins\Illustrator UI\ExpandUI.aip"
".aip","TIFFFileFormatUI.aip","0,17","2026-07-03","Plug-ins\Illustrator UI\TIFFFileFormatUI.aip"
".aip","TransformUI.aip","0,17","2026-07-03","Plug-ins\Illustrator UI\TransformUI.aip"
".aip","BrushManager.aip","0,17","2026-07-03","Plug-ins\Extensions\BrushManager.aip"
".aip","GlobAdjTool.aip","0,17","2026-07-03","Plug-ins\Tools\GlobAdjTool.aip"
".aip","ShapeCore.aip","0,16","2026-07-03","Plug-ins\Extensions\ShapeCore.aip"
".aip","TextWrapDlg.aip","0,16","2026-07-03","Plug-ins\Illustrator Filters\TextWrapDlg.aip"
".aip","ScribbleFillUI.aip","0,16","2026-07-03","Plug-ins\Illustrator UI\ScribbleFillUI.aip"
".aip","TxtColumns.aip","0,16","2026-07-03","Plug-ins\Text Filters\TxtColumns.aip"
".dll","AFL.dll","0,16","2026-07-03","Support Files\Contents\Windows\AFL.dll"
".aip","RadialDevice.aip","0,16","2026-07-03","Plug-ins\Extensions\RadialDevice.aip"
".aip","LiquifyToolUI.aip","0,16","2026-07-03","Plug-ins\Illustrator UI\LiquifyToolUI.aip"
".aip","PSExportUI.aip","0,16","2026-07-03","Plug-ins\Illustrator UI\PSExportUI.aip"
".aip","ParticleSystemUI.aip","0,16","2026-07-03","Plug-ins\Illustrator UI\ParticleSystemUI.aip"
".aip","PSImportUI.aip","0,16","2026-07-03","Plug-ins\Illustrator UI\PSImportUI.aip"
".dll","BIBUtils.dll","0,16","2026-07-03","Support Files\Contents\Windows\BIBUtils.dll"
".aip","SangamFormatsUI.aip","0,16","2026-07-03","Plug-ins\Illustrator UI\SangamFormatsUI.aip"
".aip","ZigZagUI.aip","0,15","2026-07-03","Plug-ins\Illustrator UI\ZigZagUI.aip"
".aip","Saturate.aip","0,15","2026-07-03","Plug-ins\Illustrator Filters\Saturate.aip"
".dll","boost_thread.dll","0,15","2026-07-03","Support Files\Contents\Windows\boost_thread.dll"
".aip","SlicingAttributesUI.aip","0,15","2026-07-03","Plug-ins\Illustrator UI\SlicingAttributesUI.aip"
".aip","ShapeSuite.aip","0,15","2026-07-03","Support Files\Required\Plug-ins\ShapeSuite.aip"
".aip","DropShadow.aip","0,15","2026-07-03","Plug-ins\Illustrator Filters\DropShadow.aip"
".aip","Find.aip","0,15","2026-07-03","Plug-ins\Illustrator Filters\Find.aip"
".aip","AddArrow.aip","0,15","2026-07-03","Plug-ins\Illustrator Filters\AddArrow.aip"
".dll","AdIntImgServices.dll","0,15","2026-07-03","Support Files\Contents\Windows\AdIntImgServices.dll"
".aip","ShapeEffectUI.aip","0,15","2026-07-03","Plug-ins\Illustrator UI\ShapeEffectUI.aip"
".dll","ASMOPER230A.dll","0,15","2026-07-03","Support Files\Contents\Windows\ASMOPER230A.dll"
".aip","RoughenUI.aip","0,15","2026-07-03","Plug-ins\Illustrator UI\RoughenUI.aip"
".aip","ObjectMosaicUI.aip","0,15","2026-07-03","Plug-ins\Illustrator UI\ObjectMosaicUI.aip"
".aip","FOConversionSuite.aip","0,15","2026-07-03","Support Files\Required\Plug-ins\FOConversionSuite.aip"
".aip","MeasureDistance.aip","0,15","2026-07-03","Plug-ins\Extensions\MeasureDistance.aip"
".aip","GlobAdjToolUI.aip","0,15","2026-07-03","Plug-ins\Illustrator UI\GlobAdjToolUI.aip"
".aip","Lasso.aip","0,14","2026-07-03","Plug-ins\Tools\Lasso.aip"
".aip","OffsetPathUI.aip","0,14","2026-07-03","Plug-ins\Illustrator UI\OffsetPathUI.aip"
".aip","ScribbleUI.aip","0,14","2026-07-03","Plug-ins\Illustrator UI\ScribbleUI.aip"
".dll","AdobeXMPScript.dll","0,14","2026-07-03","Support Files\Contents\Windows\AdobeXMPScript.dll"
".aip","RoundUI.aip","0,14","2026-07-03","Plug-ins\Illustrator UI\RoundUI.aip"
".aip","FuzzyEffectUI.aip","0,14","2026-07-03","Plug-ins\Illustrator UI\FuzzyEffectUI.aip"
".aip","LiquifyTool.aip","0,14","2026-07-03","Plug-ins\Tools\LiquifyTool.aip"
".aip","DistortUI.aip","0,14","2026-07-03","Plug-ins\Illustrator UI\DistortUI.aip"
".aip","FlareUI.aip","0,14","2026-07-03","Plug-ins\Illustrator UI\FlareUI.aip"
".aip","Overprint.aip","0,14","2026-07-03","Plug-ins\Illustrator Filters\Overprint.aip"
".dll","adobeusd_kind.dll","0,13","2026-07-03","Support Files\Contents\Windows\adobeusd_kind.dll"
".aip","PSLFilterAdapterUI.aip","0,13","2026-07-03","Plug-ins\Illustrator UI\PSLFilterAdapterUI.aip"
".aip","TwirlToolUI.aip","0,13","2026-07-03","Plug-ins\Illustrator UI\TwirlToolUI.aip"
".aip","SubstanceViewerVulcanConnector.aip","0,13","2026-07-03","Plug-ins\Extensions\SubstanceViewerVulcanConnector.aip"
".aip","fileclipboardpref.aip","0,13","2026-07-03","Plug-ins\Extensions\fileclipboardpref.aip"
".aip","VulcanService.aip","0,13","2026-07-03","Plug-ins\Extensions\VulcanService.aip"
".aip","FuzzyEffect.aip","0,13","2026-07-03","Plug-ins\Illustrator Filters\FuzzyEffect.aip"
".dll","boost_container.dll","0,13","2026-07-03","Support Files\Contents\Windows\boost_container.dll"
".aip","TextExportUI.aip","0,13","2026-07-03","Plug-ins\Illustrator UI\TextExportUI.aip"
".aip","ScribbleFill.aip","0,13","2026-07-03","Plug-ins\Illustrator Filters\ScribbleFill.aip"
".aip","PunkUI.aip","0,13","2026-07-03","Plug-ins\Illustrator UI\PunkUI.aip"
".aip","Cleanup.aip","0,13","2026-07-03","Plug-ins\Illustrator Filters\Cleanup.aip"
".aip","Transform.aip","0,12","2026-07-03","Plug-ins\Extensions\Transform.aip"
".dll","dvabravoinitializer.dll","0,12","2026-07-03","Support Files\Contents\Windows\dvabravoinitializer.dll"
".aip","Flare.aip","0,12","2026-07-03","Plug-ins\Tools\Flare.aip"
".dll","adobeusd_work.dll","0,11","2026-07-03","Support Files\Contents\Windows\adobeusd_work.dll"
".dll","boost_asio_ssl.dll","0,11","2026-07-03","Support Files\Contents\Windows\boost_asio_ssl.dll"
".aip","AdobeDither.aip","0,1","2026-07-03","Plug-ins\Illustrator Filters\AdobeDither.aip"
".aip","ExpandS.aip","0,1","2026-07-03","Support Files\Required\Plug-ins\ExpandS.aip"
".aip","StrokeOffset.aip","0,1","2026-07-03","Plug-ins\Extensions\StrokeOffset.aip"
".dll","AdImagingRes.dll","0,1","2026-07-03","Support Files\Contents\Windows\en-US\AdImagingRes.dll"
".dll","atlst25.dll","0,09","2026-07-03","Support Files\Contents\Windows\atlst25.dll"
".dll","PACWin_MacEnc.dll","0,09","2026-07-03","Support Files\Required\Linguistics\Providers\Plugins2\WRLiloPlugin1.3\PACWin_MacEnc.dll"
".aip","KnifeTool.aip","0,09","2026-07-03","Plug-ins\Tools\KnifeTool.aip"
".aip","Pathfinder.aip","0,09","2026-07-03","Plug-ins\Illustrator Filters\Pathfinder.aip"
".aip","BNPlugin.aip","0,09","2026-07-03","Plug-ins\Extensions\BNPlugin.aip"
".dll","AIPSL.dll","0,08","2026-07-03","Support Files\Contents\Windows\AIPSL.dll"
".dll","ASMEULR230A.dll","0,08","2026-07-03","Support Files\Contents\Windows\ASMEULR230A.dll"
".dll","boost_chrono.dll","0,08","2026-07-03","Support Files\Contents\Windows\boost_chrono.dll"
".dll","Alcid.dll","0,08","2026-07-03","Support Files\Contents\Windows\Alcid.dll"
".aip","AssetMgmtUI.aip","0,08","2026-07-03","Plug-ins\Illustrator UI\AssetMgmtUI.aip"
".aip","LiveShapes.aip","0,07","2026-07-03","Plug-ins\Extensions\LiveShapes.aip"
".aip","FrameworkS.aip","0,07","2026-07-03","Support Files\Required\Plug-ins\FrameworkS.aip"
".aip","TwirlTool.aip","0,07","2026-07-03","Plug-ins\Tools\TwirlTool.aip"
".aip","Action.aip","0,07","2026-07-03","Plug-ins\Extensions\Action.aip"
".aip","DiffusionRasterSuite.aip","0,07","2026-07-03","Plug-ins\Illustrator Filters\DiffusionRasterSuite.aip"
".8bi","PCX.8BI","0,07","2026-07-03","Plug-ins\Photoshop Filters\PCX.8BI"
".aip","OffsetPath.aip","0,07","2026-07-03","Plug-ins\Illustrator Filters\OffsetPath.aip"
".aip","MenuConfigurator.aip","0,07","2026-07-03","Plug-ins\Illustrator UI\MenuConfigurator.aip"
".aip","SenseiAgents.aip","0,07","2026-07-03","Plug-ins\Extensions\SenseiAgents.aip"
".dll","CloudIndra.dll","0,07","2026-07-03","Support Files\Contents\Windows\CloudIndra.dll"
".aip","Colors.aip","0,07","2026-07-03","Plug-ins\Illustrator Filters\Colors.aip"
".dll","AIPostman.dll","0,07","2026-07-03","Support Files\Contents\Windows\AIPostman.dll"
".aip","AIHostAdapter.aip","0,06","2026-07-03","Plug-ins\Extensions\AIHostAdapter.aip"
".aip","Expand.aip","0,06","2026-07-03","Plug-ins\Illustrator Filters\Expand.aip"
".dll","ax25res.dll","0,06","2026-07-03","Support Files\Contents\Windows\en-US\ax25res.dll"
".aip","ArtConverters.aip","0,06","2026-07-03","Support Files\Required\Plug-ins\ArtConverters.aip"
".smrd","ZTextRdr.smrd","0,06","2026-07-03","Plug-ins\Illustrator Formats\ZTextRdr.smrd"
".aip","ZigZag.aip","0,06","2026-07-03","Plug-ins\Illustrator Filters\ZigZag.aip"
".aip","Roughen.aip","0,06","2026-07-03","Plug-ins\Illustrator Filters\Roughen.aip"
".aip","ShapeEffect.aip","0,06","2026-07-03","Plug-ins\Illustrator Filters\ShapeEffect.aip"
".aip","ScriptsMenu.aip","0,06","2026-07-03","Plug-ins\Extensions\ScriptsMenu.aip"
".dll","AdobeSplashKit.dll","0,06","2026-07-03","Support Files\Contents\Windows\AdobeSplashKit.dll"
".8bi","Pixar.8BI","0,06","2026-07-03","Plug-ins\Photoshop Filters\Pixar.8BI"
".8bf","NTSC Colors.8BF","0,06","2026-07-03","Plug-ins\Photoshop Filters\NTSC Colors.8BF"
".aip","TrimMark.aip","0,05","2026-07-03","Plug-ins\Illustrator Filters\TrimMark.aip"
".8bf","GaussianBlur.8bf","0,05","2026-07-03","Plug-ins\Photoshop Filters\GaussianBlur.8bf"
".aip","FlattenTransparency.aip","0,05","2026-07-03","Support Files\Required\Plug-ins\FlattenTransparency.aip"
".dll","ASMPID230A.dll","0,05","2026-07-03","Support Files\Contents\Windows\ASMPID230A.dll"
".aip","ObjectMosaic.aip","0,05","2026-07-03","Plug-ins\Illustrator Filters\ObjectMosaic.aip"
".aip","textexport.aip","0,05","2026-07-03","Plug-ins\Illustrator Formats\textexport.aip"
".dll","AITracing.dll","0,05","2026-07-03","Support Files\Contents\Windows\AITracing.dll"
".aip","ToolSelector.aip","0,05","2026-07-03","Plug-ins\Extensions\ToolSelector.aip"
".aip","Punk.aip","0,05","2026-07-03","Plug-ins\Illustrator Filters\Punk.aip"
".aip","Geometry.aip","0,05","2026-07-03","Plug-ins\Extensions\Geometry.aip"
".aip","TypeCase.aip","0,05","2026-07-03","Plug-ins\Text Filters\TypeCase.aip"
".aip","AddAnchor.aip","0,04","2026-07-03","Plug-ins\Illustrator Filters\AddAnchor.aip"
".8bf","UnsharpMask.8bf","0,04","2026-07-03","Plug-ins\Photoshop Filters\UnsharpMask.8bf"
".aip","Inverse.aip","0,04","2026-07-03","Plug-ins\Illustrator Filters\Inverse.aip"
".dll","boost_date_time.dll","0,04","2026-07-03","Support Files\Contents\Windows\boost_date_time.dll"
".aip","Distort.aip","0,04","2026-07-03","Plug-ins\Illustrator Filters\Distort.aip"
".dll","boost_system.dll","0,04","2026-07-03","Support Files\Contents\Windows\boost_system.dll"
".aip","Round.aip","0,04","2026-07-03","Plug-ins\Illustrator Filters\Round.aip"
".aip","Nudge.aip","0,04","2026-07-03","Plug-ins\Extensions\Nudge.aip"
".aip","Scribble.aip","0,04","2026-07-03","Plug-ins\Illustrator Filters\Scribble.aip"
".dll","AIPreviewHandler.dll","0,04","2026-07-03","Support Files\Contents\Windows\AIPreviewHandler.dll"
".aip","MaskHelper.aip","0,04","2026-07-03","Plug-ins\Illustrator Filters\MaskHelper.aip"
".aip","MPSCommon.aip","0,03","2026-07-03","Plug-ins\Illustrator Formats\MPSCommon.aip"
".dll","AcGradient25.dll","0,03","2026-07-03","Support Files\Contents\Windows\AcGradient25.dll"
".dll","PlugPlugExternalObject.dll","0,03","2026-07-03","Support Files\Contents\Windows\PlugPlugExternalObject.dll"
".dll","SPBasic.dll","0,02","2026-07-03","Support Files\Contents\Windows\SPBasic.dll"
